Name,Year,Rating,Genre,Director,Cast,URL
Attarintiki Daredi,2013,7.3,"Action, Comedy, Drama",Trivikram Srinivas,Pawan Kalyan,"https://m.media-amazon.com/images/M/MV5BZWQzNDdmN2UtZTc5ZC00M2EzLWE2ZTUtMjVhNzJmOGQ5YzkwXkEyXkFqcGdeQXVyMzA0NTI2OTM@._V1_QL75_UY74_CR1,0,50,74_.jpg"
24,2016,7.6,"Action, Comedy, Drama",Vikram K. Kumar,Suriya,"https://m.media-amazon.com/images/M/MV5BMGU2Y2JhZmItMDU4Ni00NDA4LTg0MGMtYjlkZWMwMDdiZWE0XkEyXkFqcGdeQXVyOTA0NTIzNzU@._V1_UX45_CR0,0,45,67_AL_.jpg"
Aligarh,2015,7.6,"Biography, Drama",Hansal Mehta,Manoj Bajpayee,"https://m.media-amazon.com/images/M/MV5BZDUzYTRjMDAtNDkwMi00ZWY1LWI1OWEtM2VjY2NjNzNhOTRmXkEyXkFqcGdeQXVyMTExNDQ2MTI@._V1_UY67_CR0,0,45,67_AL_.jpg"
Arya,2004,7.6,"Action, Drama, Romance",Sukumar,Allu Arjun,"https://m.media-amazon.com/images/M/MV5BNTU3NDk4NDE4MV5BMl5BanBnXkFtZTgwODkzNzI4OTE@._V1_UY67_CR2,0,45,67_AL_.jpg"
Colour Photo,2020,7.6,Drama,Sandeep Raj,Suhas,"https://m.media-amazon.com/images/M/MV5BZDRiYzhiOTAtZGU5My00MTE0LTkwZjAtM2JhOGM2MzA4NWFiXkEyXkFqcGdeQXVyMTI0MjU5MzUw._V1_UY67_CR11,0,45,67_AL_.jpg"
Eega,2012,7.6,"Action, Comedy, Drama",S.S. Rajamouli,Sudeep,"https://m.media-amazon.com/images/M/MV5BMjFmZjYwNGUtYzE1NC00YTllLThmZDctODc3NDExYTY3NTM3XkEyXkFqcGdeQXVyOTk3NTc2MzE@._V1_UX45_CR0,0,45,67_AL_.jpg"
Ennu Ninte Moideen,2015,7.6,"Biography, Drama, Romance",R.S. Vimal,Prithviraj Sukumaran,"https://m.media-amazon.com/images/M/MV5BZjNmZmY2OTItODUyYy00YjVmLWEwYTUtM2EwZDgyMzNmNTI0XkEyXkFqcGdeQXVyMjkxNzQ1NDI@._V1_UY67_CR2,0,45,67_AL_.jpg"
Goodachari,2018,7.6,"Action, Thriller",Sashi Kiran Tikka,Adivi Sesh,"https://m.media-amazon.com/images/M/MV5BZWIwYmRlZjAtNWUyOC00YzA4LWIyNjUtYTU1YWNiZGFhYmNmXkEyXkFqcGdeQXVyODMyODMxNDY@._V1_UY67_CR0,0,45,67_AL_.jpg"
Guru,2007,7.6,Drama,Mani Ratnam,Mithun Chakraborty,"https://m.media-amazon.com/images/M/MV5BZWE3OGQyYTQtMGQzNy00YjI0LTkwYWUtY2FjZjNmODFlNDNkXkEyXkFqcGdeQXVyMTEzNzg0Mjkx._V1_UY67_CR1,0,45,67_AL_.jpg"
Kapoor & Sons,2016,7.6,"Comedy, Drama, Family",Shakun Batra,Rishi Kapoor,"https://m.media-amazon.com/images/M/MV5BMjE4NDk4MTIwNl5BMl5BanBnXkFtZTgwNDEwODI5NzE@._V1_UY67_CR1,0,45,67_AL_.jpg"
Ko,2011,7.6,"Action, Thriller",K.V. Anand,Jiiva,"https://m.media-amazon.com/images/M/MV5BZTIxNTk5ODktMTJmOS00NWMxLTk2NDItMjFiYTM5ZDA1MGQxXkEyXkFqcGdeQXVyODE0NjUxNzY@._V1_UX45_CR0,0,45,67_AL_.jpg"
Mumbai Meri Jaan,2008,7.6,Drama,Nishikant Kamat,Paresh Rawal,"https://m.media-amazon.com/images/M/MV5BNTMwMmQ3YmYtODU3MS00NzRhLTkyZGEtM2Q5OWRlMGQxMzIyXkEyXkFqcGdeQXVyODE5NzE3OTE@._V1_UY67_CR3,0,45,67_AL_.jpg"
Newton,2017,7.6,"Comedy, Drama",Amit Masurkar,Rajkummar Rao,"https://m.media-amazon.com/images/M/MV5BMDk4Y2Q2MmUtYjE1YS00NjEwLTg0ZGYtOGJkZjUzOTllYzA0L2ltYWdlXkEyXkFqcGdeQXVyNzA0MTg0MzE@._V1_UY67_CR0,0,45,67_AL_.jpg"
Oye Lucky! Lucky Oye!,2008,7.6,"Action, Comedy, Crime",Dibakar Banerjee,Abhay Deol,"https://m.media-amazon.com/images/M/MV5BNjA1MjM2NTM3MV5BMl5BanBnXkFtZTcwODIyMjk5MQ@@._V1_UY67_CR1,0,45,67_AL_.jpg"
Rockstar,2011,7.6,"Drama, Music, Romance",Imtiaz Ali,Ranbir Kapoor,"https://m.media-amazon.com/images/M/MV5BOTc3NzAxMjg4M15BMl5BanBnXkFtZTcwMDc2ODQwNw@@._V1_UY67_CR2,0,45,67_AL_.jpg"
Samsara,2001,7.6,"Adventure, Drama, Romance",Pan Nalin,Shawn Ku,"https://m.media-amazon.com/images/M/MV5BMTY2NTY0OTQzOV5BMl5BanBnXkFtZTcwNTQxNDMzMQ@@._V1_UY67_CR1,0,45,67_AL_.jpg"
Velaiilla Pattadhari,2014,7.6,"Action, Comedy, Drama",Velraj,Dhanush,"https://m.media-amazon.com/images/M/MV5BYTI2YmZmNTUtNTQ3Yy00OTJmLWE1ZDgtYzVjZGRiNmNjMjYwXkEyXkFqcGdeQXVyODIwMDI1NjM@._V1_UX45_CR0,0,45,67_AL_.jpg"
Aayirathil Oruvan,2010,7.7,"Action, Adventure",K. Selvaraghavan,Karthi,"https://m.media-amazon.com/images/M/MV5BMjhmMjE4MjUtZTlhYy00MmFmLThiYzMtMjRkZjdhMTE0NWY2XkEyXkFqcGdeQXVyOTk3NTc2MzE@._V1_UY67_CR3,0,45,67_AL_.jpg"
Ab Tak Chhappan,2004,7.7,"Action, Crime, Drama",Shimit Amin,Nana Patekar,"https://m.media-amazon.com/images/M/MV5BMzNkYzEyMDItNWI1OS00YjYxLTljNDUtYzZkYWFhMzdjNjg1XkEyXkFqcGdeQXVyNDUzOTQ5MjY@._V1_UY67_CR1,0,45,67_AL_.jpg"
Angamaly Diaries,2017,7.7,"Action, Comedy, Thriller",Lijo Jose Pellissery,Antony Varghese,"https://m.media-amazon.com/images/M/MV5BZmQ3NDc1NGYtMTkzOC00MTUzLTgyNjYtZDM2MmU3M2M2M2Y1XkEyXkFqcGdeQXVyMjkxNzQ1NDI@._V1_UY67_CR0,0,45,67_AL_.jpg"
Anjaam Pathiraa,2020,7.7,"Crime, Mystery, Thriller",Midhun Manuel Thomas,Kunchacko Boban,"https://m.media-amazon.com/images/M/MV5BNjYxMWUwNGUtZmRmMy00MDZlLTgwNDMtODVlOGFjMTBlNGJkXkEyXkFqcGdeQXVyMjkxNzQ1NDI@._V1_UY67_CR0,0,45,67_AL_.jpg"
Badla,2019,7.7,"Crime, Drama, Mystery",Sujoy Ghosh,Amitabh Bachchan,"https://m.media-amazon.com/images/M/MV5BYjZiMzIzYTctNDViZi00OWNmLWFmN2YtMmI2OWJiZWViMmY3XkEyXkFqcGdeQXVyNTYwMzA0MTM@._V1_UY67_CR2,0,45,67_AL_.jpg"
Dasvidaniya,2008,7.7,"Comedy, Drama",Shashant Shah,Vinay Pathak,"https://m.media-amazon.com/images/M/MV5BZWU3ZTU2OGUtZGJlYS00Yjc5LTk0ZTctOGZkZGZmODkxYmVmXkEyXkFqcGdeQXVyNDUzOTQ5MjY@._V1_UY67_CR1,0,45,67_AL_.jpg"
Dia,2020,7.7,"Drama, Romance",K.S. Ashoka,Kushi,"https://m.media-amazon.com/images/M/MV5BNDQxYjRmNWYtNjgyMC00MDg2LTg2OTEtZmIzNWNkMDhkOTk1XkEyXkFqcGdeQXVyMzU0ODc1MTQ@._V1_UY67_CR2,0,45,67_AL_.jpg"
Don,1978,7.7,"Action, Crime, Thriller",Chandra Barot,Amitabh Bachchan,"https://m.media-amazon.com/images/M/MV5BMzc0OGU4NGYtNzgwMy00NThjLWJmYWItZDUzZTVlZjg0YjdjXkEyXkFqcGdeQXVyNjQ1MDcxNzM@._V1_UX45_CR0,0,45,67_AL_.jpg"
Ghilli,2004,7.7,"Action, Drama, Romance",Dharani,Thalapathy Vijay,"https://m.media-amazon.com/images/M/MV5BY2MyOTA2MjUtZmI5Ny00MmU0LTk4ZTUtYmU1ZDA1NTBkODRjXkEyXkFqcGdeQXVyOTA3MTc1OTg@._V1_UY67_CR2,0,45,67_AL_.jpg"
Happy Days,2007,7.7,Drama,Sekhar Kammula,Varun Sandesh,"https://m.media-amazon.com/images/M/MV5BY2U4NmIzYzgtNmU1OS00ODgyLTg1ZDktZGIwZTU0NTA4ZDJjXkEyXkFqcGdeQXVyNjc3MjQzNTI@._V1_UX45_CR0,0,45,67_AL_.jpg"
Hey Ram,2000,7.7,"Crime, Drama, History",Kamal Haasan,Kamal Haasan,"https://m.media-amazon.com/images/M/MV5BYzMxYzZjMDUtZjI3Ni00Y2M2LTllYWItNzJmZTJjMzkyYjlmXkEyXkFqcGdeQXVyODEzOTQwNTY@._V1_UX45_CR0,0,45,67_AL_.jpg"
Hridayam,2022,7.7,"Drama, Musical, Romance",Vineeth Sreenivasan,Pranav Mohanlal,"https://m.media-amazon.com/images/M/MV5BYzQ0NGNlNGItMTQ2Ny00YjliLTkzZDktN2VlMWQzNWIwODU5XkEyXkFqcGdeQXVyMjkxNzQ1NDI@._V1_UY67_CR4,0,45,67_AL_.jpg"
Joji,2021,7.7,"Crime, Drama",Dileesh Pothan,Fahadh Faasil,"https://m.media-amazon.com/images/M/MV5BN2UyMmI4MGEtOTMzMy00NTNjLWFmZWUtMzI1NzQ5NzU0NzBjXkEyXkFqcGdeQXVyMTI1NDAzMzM0._V1_UY67_CR2,0,45,67_AL_.jpg"
Kai po che!,2013,7.7,"Drama, Sport",Abhishek Kapoor,Amit Sadh,"https://m.media-amazon.com/images/M/MV5BMTgwNTAwMjEzMF5BMl5BanBnXkFtZTcwNzMzODY4OA@@._V1_UY67_CR3,0,45,67_AL_.jpg"
Kaththi,2014,7.7,"Action, Drama",A.R. Murugadoss,Thalapathy Vijay,"https://m.media-amazon.com/images/M/MV5BOTVkNGViZGEtMjZkMy00MzgyLWIxZTktZjgwYzAwNDM1MDcxXkEyXkFqcGdeQXVyODk1MzE5NDA@._V1_UX45_CR0,0,45,67_AL_.jpg"
Manam,2014,7.7,"Comedy, Drama, Fantasy",Vikram K. Kumar,Akkineni Nageshwara Rao,"https://m.media-amazon.com/images/M/MV5BYjlmMDUzMzQtYzY4OC00NGYwLWI1MmItMGIyYTk0NDFlMWZmXkEyXkFqcGdeQXVyOTk3NTc2MzE@._V1_UY67_CR1,0,45,67_AL_.jpg"
Mimi,2021,7.7,"Comedy, Drama",Rajesh Bhatia,Kriti Sanon,"https://m.media-amazon.com/images/M/MV5BZTkwMDQ4ZmEtNTdhNi00MmMzLTgwNTQtMDI1NDJjZjQ5Zjg5XkEyXkFqcGdeQXVyNDAzNDk0MTQ@._V1_UY67_CR2,0,45,67_AL_.jpg"
Minnal Murali,2021,7.7,"Action, Adventure, Comedy",Basil Joseph,Tovino Thomas,"https://m.media-amazon.com/images/M/MV5BNzllYTM0ZDgtZTk4NS00YjYzLTliNjktMjZmNTZmNGZlNzI4XkEyXkFqcGdeQXVyMjkxNzQ1NDI@._V1_UY67_CR4,0,45,67_AL_.jpg"
Mother India,1957,7.7,"Action, Comedy, Drama",Mehboob Khan,Nargis,"https://m.media-amazon.com/images/M/MV5BNDcyMDE0ZWUtYjI3Ny00N2U2LWEzMTAtYzE4OTEzZjgyNzQ1XkEyXkFqcGdeQXVyNjQ1MDcxNzM@._V1_UY67_CR1,0,45,67_AL_.jpg"
Mr. India,1987,7.7,"Action, Comedy, Drama",Shekhar Kapur,Anil Kapoor,"https://m.media-amazon.com/images/M/MV5BZTdhMmJjYjMtMjZmOC00NjhkLWE3MjQtODAzNDI4NmM5OTA5XkEyXkFqcGdeQXVyODAzNzAwOTU@._V1_UX45_CR0,0,45,67_AL_.jpg"
Mumbai Police,2013,7.7,"Crime, Mystery, Thriller",Roshan Andrews,Prithviraj Sukumaran,"https://m.media-amazon.com/images/M/MV5BNDU2MzNkMjUtOTE1Ny00NWY5LWFkNTEtNTMxYTAwYTc5NjllXkEyXkFqcGdeQXVyMjkxNzQ1NDI@._V1_UY67_CR1,0,45,67_AL_.jpg"
Nayak: The Real Hero,2001,7.7,"Action, Drama, Thriller",S. Shankar,Anil Kapoor,"https://m.media-amazon.com/images/M/MV5BMGIxZGVlMzEtYjZlZS00NGRkLWEwMjUtNGEwOGUwY2ViZTA2XkEyXkFqcGdeQXVyNjY1NTEzNjE@._V1_UY67_CR1,0,45,67_AL_.jpg"
Okkadu,2003,7.7,"Action, Drama, Romance",Gunasekhar,Mahesh Babu,"https://m.media-amazon.com/images/M/MV5BZmJiZTIwYzktZDQyMi00OWYzLTliZDEtOTAzYmNjNjZjNTllXkEyXkFqcGdeQXVyMjMyNjkwMTY@._V1_UY67_CR1,0,45,67_AL_.jpg"
Pokiri,2006,7.7,"Action, Crime, Thriller",Puri Jagannadh,Mahesh Babu,"https://m.media-amazon.com/images/M/MV5BOWNkMWQ3MDEtYjQ3Zi00Y2NhLWE1NzYtZGJkM2NlYWY3OWFmXkEyXkFqcGdeQXVyNDY5MTUyNjU@._V1_UX45_CR0,0,45,67_AL_.jpg"
Poove Unakkaga,1996,7.7,"Comedy, Drama, Romance",Vikraman,Anju Aravind,"https://m.media-amazon.com/images/M/MV5BYmFjNDRkZDktYTEyNS00MmEzLWFmMWQtYmY1NTdjYjkxOWExXkEyXkFqcGdeQXVyODEzOTQwNTY@._V1_UY67_CR1,0,45,67_AL_.jpg"
Raazi,2018,7.7,"Action, Drama, Thriller",Meghna Gulzar,Alia Bhatt,"https://m.media-amazon.com/images/M/MV5BZmVhN2JlYjEtZWFkOS00YzE0LThiNDMtMGI3NDA1MTk2ZDQ2XkEyXkFqcGdeQXVyODE5NzE3OTE@._V1_UY67_CR0,0,45,67_AL_.jpg"
RangiTaranga,2015,7.7,"Mystery, Thriller",Anup Bhandari,Nirup Bhandari,"https://m.media-amazon.com/images/M/MV5BMTAzNjAwNDEwMTNeQTJeQWpwZ15BbWU4MDk5MjMyMzYx._V1_UY67_CR0,0,45,67_AL_.jpg"
Rock On!!,2008,7.7,"Drama, Music",Abhishek Kapoor,Arjun Rampal,"https://m.media-amazon.com/images/M/MV5BMTM2NjIwODc4N15BMl5BanBnXkFtZTcwMDgwMzM4MQ@@._V1_UY67_CR0,0,45,67_AL_.jpg"
Secret Superstar,2017,7.7,"Drama, Music",Advait Chandan,Zaira Wasim,"https://m.media-amazon.com/images/M/MV5BM2IzMGIxMDQtNzE3OS00MGZjLTljNzgtMGE2MjAyZThmNjNhXkEyXkFqcGdeQXVyMTExNDQ2MTI@._V1_UY67_CR2,0,45,67_AL_.jpg"
Sonchiriya,2019,7.7,"Action, Crime, Drama",Abhishek Chaubey,Sushant Singh Rajput,"https://m.media-amazon.com/images/M/MV5BY2YyZmI2NGQtNzNjOS00MTY1LTkxNWEtNzg0YWYzOGZiMzcyXkEyXkFqcGdeQXVyMjUxMTY3ODM@._V1_UY67_CR0,0,45,67_AL_.jpg"
Stanley Ka Dabba,2011,7.7,"Comedy, Drama, Family",Amole Gupte,Partho A. Gupte,"https://m.media-amazon.com/images/M/MV5BZWVlMzlmOWItYTgwMi00MjExLTgwNDItNWI4YzY2MTgzMWJlXkEyXkFqcGdeQXVyODE5NzE3OTE@._V1_UY67_CR1,0,45,67_AL_.jpg"
The Lunchbox,2013,7.7,"Drama, Romance",Ritesh Batra,Irrfan Khan,"https://m.media-amazon.com/images/M/MV5BMTUwMzc1NjIzMV5BMl5BanBnXkFtZTgwODUyMTIxMTE@._V1_UY67_CR0,0,45,67_AL_.jpg"
The Tashkent Files,2019,7.7,"Drama, Mystery, Thriller",Vivek Agnihotri,Shweta Basu Prasad,"https://m.media-amazon.com/images/M/MV5BYzk3NWM2MmItZGU5NS00MGEwLWIzYzMtMDkyZDQ1NTc2MTAxXkEyXkFqcGdeQXVyNjE1OTQ0NjA@._V1_UX45_CR0,0,45,67_AL_.jpg"
Thulladha Manamum Thullum,1999,7.7,"Drama, Romance",Ezhil,Thalapathy Vijay,"https://m.media-amazon.com/images/M/MV5BODlhYTE4M2MtNjcyOS00Zjc0LTliNzMtMzJhZmVkOWNjZmE0XkEyXkFqcGdeQXVyMTEzNzg0Mjkx._V1_UY67_CR2,0,45,67_AL_.jpg"
Thuppakki,2012,7.7,"Action, Thriller",A.R. Murugadoss,Thalapathy Vijay,"https://m.media-amazon.com/images/M/MV5BZjQxYjVkYzQtMmEzNy00MzM1LWE4OTUtZTc0NTdkMjBiOGZiXkEyXkFqcGdeQXVyODE0NjUxNzY@._V1_UX45_CR0,0,45,67_AL_.jpg"
Udta Punjab,2016,7.7,"Crime, Drama",Abhishek Chaubey,Shahid Kapoor,"https://m.media-amazon.com/images/M/MV5BY2YxNjQxYWYtYzNkMi00YTgyLWIwZTMtYzgyYjZlZmYzZTA0XkEyXkFqcGdeQXVyMTA4NjE0NjEy._V1_UX45_CR0,0,45,67_AL_.jpg"
Unnaipol Oruvan,2009,7.7,"Action, Crime, Drama",Chakri Toleti,Kamal Haasan,"https://m.media-amazon.com/images/M/MV5BNzgwNGI3MTQtMTQ3Yi00NDY2LTlkMzMtMjM0MmY2YTRlMDA5XkEyXkFqcGdeQXVyODEzOTQwNTY@._V1_UX45_CR0,0,45,67_AL_.jpg"
Veer-Zaara,2004,7.7,"Drama, Family, Musical",Yash Chopra,Shah Rukh Khan,"https://m.media-amazon.com/images/M/MV5BY2VlOTc4ZjctYjVlMS00NDYwLWEwZjctZmYzZmVkNGU5NjNjXkEyXkFqcGdeQXVyODE5NzE3OTE@._V1_UY67_CR1,0,45,67_AL_.jpg"
Vettaiyaadu Vilaiyaadu,2006,7.7,"Action, Crime, Thriller",Gautham Vasudev Menon,Kamal Haasan,"https://m.media-amazon.com/images/M/MV5BMGQzM2YxMDAtOTdlNi00ZWY3LWI3OWMtYWQ2NjJmZWY4MDVhXkEyXkFqcGdeQXVyODEzOTQwNTY@._V1_UX45_CR0,0,45,67_AL_.jpg"
Vicky Donor,2012,7.7,"Comedy, Romance",Shoojit Sircar,Ayushmann Khurrana,"https://m.media-amazon.com/images/M/MV5BYWNlODE1ZTEtOTQ5MS00N2QwLTllNjItZDQ2Y2UzMmU5YmI2XkEyXkFqcGdeQXVyODE5NzE3OTE@._V1_UY67_CR3,0,45,67_AL_.jpg"
Airlift,2016,7.8,"Action, Drama, History",Raja Menon,Akshay Kumar,"https://m.media-amazon.com/images/M/MV5BMGE1ZTkyOTMtMTdiZS00YzI2LTlmYWQtOTE5YWY0NWVlNjlmXkEyXkFqcGdeQXVyNjQ3ODkxMjE@._V1_UY67_CR0,0,45,67_AL_.jpg"
Ankhon Dekhi,2013,7.8,"Comedy, Drama",Rajat Kapoor,Sanjay Mishra,"https://m.media-amazon.com/images/M/MV5BMTY4YjY3ZDgtYjVhZS00MWY4LTlkYmMtNGI4ZGY4YzhiZmIwXkEyXkFqcGdeQXVyODE5NzE3OTE@._V1_UY67_CR0,0,45,67_AL_.jpg"
Arjun Reddy,2017,7.8,"Action, Drama, Romance",Sandeep Reddy Vanga,Vijay Deverakonda,"https://m.media-amazon.com/images/M/MV5BMzFhMThiOWItMzRjNC00YzQwLTkyZWItYmJhNzgwYzY1ODI0XkEyXkFqcGdeQXVyNTcyMzkyODg@._V1_UY67_CR0,0,45,67_AL_.jpg"
Ayyappanum Koshiyum,2020,7.8,"Action, Drama, Thriller",Sachy,Biju Menon,"https://m.media-amazon.com/images/M/MV5BYTZmYmI3OWEtNTIwOC00ODcwLWIwMGMtMWYwZWI3YzQ3NDJjXkEyXkFqcGdeQXVyMjkxNzQ1NDI@._V1_UX45_CR0,0,45,67_AL_.jpg"
Baahubali: The Beginning,2015,7.8,"Action, Drama",S.S. Rajamouli,Prabhas,"https://m.media-amazon.com/images/M/MV5BYWVlMjVhZWYtNWViNC00ODFkLTk1MmItYjU1MDY5ZDdhMTU3XkEyXkFqcGdeQXVyODIwMDI1NjM@._V1_UY67_CR0,0,45,67_AL_.jpg"
Baby,2015,7.8,"Action, Crime, Thriller",Neeraj Pandey,Akshay Kumar,"https://m.media-amazon.com/images/M/MV5BYTdhNjBjZDctYTlkYy00ZGIxLWFjYTktODk5ZjNlMzI4NjI3XkEyXkFqcGdeQXVyMjY1MjkzMjE@._V1_UY67_CR0,0,45,67_AL_.jpg"
Baishe Srabon,2011,7.8,"Action, Crime, Drama",Srijit Mukherji,Prasenjit Chatterjee,"https://m.media-amazon.com/images/M/MV5BMzVmODczNmUtNWQzNy00ODVlLThjNWEtNWJkMmY4NWRkNzFkXkEyXkFqcGdeQXVyODE5NzE3OTE@._V1_UY67_CR2,0,45,67_AL_.jpg"
Border,1997,7.8,"Action, Drama, History",J.P. Dutta,Sunny Deol,"https://m.media-amazon.com/images/M/MV5BNWYwYmExOWQtYzNkOS00NWY5LWE4NTEtYTcwY2FiYmQ0OTg5XkEyXkFqcGdeQXVyODE5NzE3OTE@._V1_UY67_CR3,0,45,67_AL_.jpg"
Charlie,2015,7.8,"Adventure, Drama, Romance",Martin Prakkat,Dulquer Salmaan,"https://m.media-amazon.com/images/M/MV5BMmZhMzVlNzEtMjQ3ZS00ZGJlLTk4N2YtMDIyNDNmZThhMGVmXkEyXkFqcGdeQXVyMzIyNDI4NjU@._V1_UY67_CR0,0,45,67_AL_.jpg"
Deiva Thirumagal,2011,7.8,Drama,A.L. Vijay,Vikram,"https://m.media-amazon.com/images/M/MV5BZTAxNjUxN2ItYzZjYi00NjMyLTkwZWUtNGM2ZTIxMGRhOTgwXkEyXkFqcGdeQXVyOTk3NTc2MzE@._V1_UY67_CR4,0,45,67_AL_.jpg"
Dil Bechara,2020,7.8,"Comedy, Drama, Romance",Mukesh Chhabra,Sushant Singh Rajput,"https://m.media-amazon.com/images/M/MV5BNmI0MTliMTAtMmJhNC00NTJmLTllMzQtMDI3NzA1ODMyZWI1XkEyXkFqcGdeQXVyODE5NzE3OTE@._V1_UY67_CR4,0,45,67_AL_.jpg"
Dor,2006,7.8,Drama,Nagesh Kukunoor,Ayesha Takia,"https://m.media-amazon.com/images/M/MV5BYTk3NTVhNjktYTg0OC00ODk1LWE4MjUtMDhkNTY3MTMyMTc0XkEyXkFqcGdeQXVyODE5NzE3OTE@._V1_UY67_CR0,0,45,67_AL_.jpg"
English Vinglish,2012,7.8,"Comedy, Drama, Family",Gauri Shinde,Sridevi,"https://m.media-amazon.com/images/M/MV5BMjQ5YWVmYmYtOWFiZC00NGMxLWEwODctZDM2MWI4YWViN2E5XkEyXkFqcGdeQXVyNjQ2MjQ5NzM@._V1_UY67_CR1,0,45,67_AL_.jpg"
Gangaajal,2003,7.8,"Action, Crime, Drama",Prakash Jha,Ajay Devgn,"https://m.media-amazon.com/images/M/MV5BYjRjOWViZTgtYjA4Ny00MWJiLTkxYzktMzdlOGRmMWYwOTdjXkEyXkFqcGdeQXVyNDUzOTQ5MjY@._V1_UY67_CR2,0,45,67_AL_.jpg"
Hindi Medium,2017,7.8,"Comedy, Drama",Saket Chaudhary,Irrfan Khan,"https://m.media-amazon.com/images/M/MV5BY2E4NWQ4ZjEtNThlOC00NThjLThmZjgtMWU0MDgzMmYwOGU3XkEyXkFqcGdeQXVyODE5NzE3OTE@._V1_UY67_CR0,0,45,67_AL_.jpg"
Jab We Met,2007,7.8,"Comedy, Drama, Romance",Imtiaz Ali,Shahid Kapoor,"https://m.media-amazon.com/images/M/MV5BYmIzYmY4MGItM2I4YS00OWZhLWFmMzQtYzI2MWY1MmM3NGU1XkEyXkFqcGdeQXVyNjQ2MjQ5NzM@._V1_UY67_CR0,0,45,67_AL_.jpg"
Jalsaghar,1958,7.8,"Drama, Music",Satyajit Ray,Chhabi Biswas,"https://m.media-amazon.com/images/M/MV5BYjc5ZmI4MDktZDJjMi00YmYxLTgxODUtMjIxZjhmMjljODZkXkEyXkFqcGdeQXVyNTgyNTA4MjM@._V1_UX45_CR0,0,45,67_AL_.jpg"
Johnny Gaddaar,2007,7.8,"Crime, Drama, Mystery",Sriram Raghavan,Dharmendra,"https://m.media-amazon.com/images/M/MV5BNDE4MmU1YTktMzY1OS00NWQ4LWExZmYtZjI3MzJjNGIxZTcxXkEyXkFqcGdeQXVyNDUzOTQ5MjY@._V1_UY67_CR0,0,45,67_AL_.jpg"
Joseph,2018,7.8,"Crime, Drama, Thriller",M. Padmakumar,Joju George,"https://m.media-amazon.com/images/M/MV5BODVmYzNmYzYtNTljZC00ODg3LWEzOTQtZjA5NmVhMTczOGE1XkEyXkFqcGdeQXVyMjkxNzQ1NDI@._V1_UY67_CR0,0,45,67_AL_.jpg"
Kaakha..Kaakha: The Police,2003,7.8,"Action, Crime, Drama",Gautham Vasudev Menon,Suriya,"https://m.media-amazon.com/images/M/MV5BODI1MWIxNDgtNGQ2ZC00ZWU2LTliNWEtNWM4YTI1MWYzODA0XkEyXkFqcGdeQXVyOTk3NTc2MzE@._V1_UY67_CR1,0,45,67_AL_.jpg"
Kal Ho Naa Ho,2003,7.8,"Comedy, Drama, Musical",Nikkhil Advani,Preity Zinta,"https://m.media-amazon.com/images/M/MV5BYmVjNDIxODAtNWZiZi00ZDBlLWJmOTUtNDNjMGExNTViMzE1XkEyXkFqcGdeQXVyNTE0MDc0NTM@._V1_UX45_CR0,0,45,67_AL_.jpg"
Karnan,2021,7.8,"Action, Drama",Mari Selvaraj,Dhanush,"https://m.media-amazon.com/images/M/MV5BZDBhZTQ0ZjYtMGU4OC00MzE2LWFmMDctMzljNjkxYjJmNmUxXkEyXkFqcGdeQXVyMTEzNzg0Mjkx._V1_UX45_CR0,0,45,67_AL_.jpg"
Kirik Party,2016,7.8,"Comedy, Drama",Rishab Shetty,Rakshit Shetty,"https://m.media-amazon.com/images/M/MV5BMjU4MDIyNjctMjRlNy00YmI0LThmNDAtNzhlZjgwMWJhOThiXkEyXkFqcGdeQXVyMzU0ODc1MTQ@._V1_UX45_CR0,0,45,67_AL_.jpg"
Lakshya,2004,7.8,"Action, Drama, Romance",Farhan Akhtar,Hrithik Roshan,"https://m.media-amazon.com/images/M/MV5BY2Y0NjY5ZTctZWMzNC00MDQ4LTkyMWUtOGZkMzk4NWNhYWI5XkEyXkFqcGdeQXVyODE5NzE3OTE@._V1_UY67_CR0,0,45,67_AL_.jpg"
M.S. Dhoni: The Untold Story,2016,7.8,"Biography, Drama, Sport",Neeraj Pandey,Sushant Singh Rajput,"https://m.media-amazon.com/images/M/MV5BZjAzZjZiMmQtMDZmOC00NjVmLTkyNTItOGI2Mzg4NTBhZTA1XkEyXkFqcGdeQXVyODE5NzE3OTE@._V1_UY67_CR0,0,45,67_AL_.jpg"
Malik,2021,7.8,"Action, Biography, Drama",Mahesh Narayanan,Fahadh Faasil,"https://m.media-amazon.com/images/M/MV5BNzJlOTYyMTAtZDRmZC00OTllLTgzNTUtYjFiOWYxMDQ1YTJiXkEyXkFqcGdeQXVyMTI1NDAzMzM0._V1_UY67_CR4,0,45,67_AL_.jpg"
Manjhi: The Mountain Man,2015,7.8,"Biography, Drama",Ketan Mehta,Nawazuddin Siddiqui,"https://m.media-amazon.com/images/M/MV5BODdlZTZlZTktNTYyZC00ODQ1LWE5MjYtYjc1YTQwODRlNzI5XkEyXkFqcGdeQXVyODE5NzE3OTE@._V1_UY67_CR0,0,45,67_AL_.jpg"
Memories,2013,7.8,"Mystery, Thriller",Jeethu Joseph,Prithviraj Sukumaran,"https://m.media-amazon.com/images/M/MV5BY2NlMWYyNjgtNTZmZC00MjkxLTk3NjEtMjc2ZWRhM2MyZjNiXkEyXkFqcGdeQXVyMjkxNzQ1NDI@._V1_UY67_CR2,0,45,67_AL_.jpg"
Mukkabaaz,2017,7.8,"Action, Drama, Sport",Anurag Kashyap,Vineet Kumar Singh,"https://m.media-amazon.com/images/M/MV5BYjQ2YmFmNDgtMzBkNC00ZmVmLTkyNTEtMzFkMmEyMjJhZDdhXkEyXkFqcGdeQXVyMzQ5Njc3NzU@._V1_UY67_CR0,0,45,67_AL_.jpg"
Padman,2018,7.8,"Biography, Comedy, Drama",R. Balki,Akshay Kumar,"https://m.media-amazon.com/images/M/MV5BODViYjQ0YTktMTM5NS00YTVkLWE5MmUtNGY1MzUwOGY0OTg2XkEyXkFqcGdeQXVyNjg5NzkxNTU@._V1_UY67_CR0,0,45,67_AL_.jpg"
Pizza,2012,7.8,"Horror, Thriller",Karthik Subbaraj,Vijay Sethupathi,"https://m.media-amazon.com/images/M/MV5BNDc3MTM0ZDItZjcwMy00MmI5LTlhMTctYmQ4NjM1MDM5MTRlXkEyXkFqcGdeQXVyODk1MzE5NDA@._V1_UY67_CR4,0,45,67_AL_.jpg"
Pranchiyettan and the Saint,2010,7.8,"Comedy, Drama",Ranjith,Jesse Fox Allen,"https://m.media-amazon.com/images/M/MV5BMDg3ZjUxMDMtNmM2OC00MzNlLWEyMTgtMTI1Njk0OTdkMjZkXkEyXkFqcGdeQXVyNTI0NzYwMzE@._V1_UX45_CR0,0,45,67_AL_.jpg"
Salaam Bombay!,1988,7.8,"Crime, Drama",Mira Nair,Shafiq Syed,"https://m.media-amazon.com/images/M/MV5BMWFlMjRhZmUtNzBjNC00NTdjLTlkNjItNWZmODdhODg4ZTlhXkEyXkFqcGdeQXVyMTMxMTY0OTQ@._V1_UX45_CR0,0,45,67_AL_.jpg"
Ship of Theseus,2012,7.8,Drama,Anand Gandhi,Aydah El-Kashef,"https://m.media-amazon.com/images/M/MV5BMTU5Njc1NjkxMl5BMl5BanBnXkFtZTgwNTkzNTQwMDE@._V1_UY67_CR0,0,45,67_AL_.jpg"
Super 30,2019,7.8,"Biography, Drama",Vikas Bahl,Hrithik Roshan,"https://m.media-amazon.com/images/M/MV5BMWQzM2Y0ZDQtYjA1MS00YmUzLWFiMGQtZTliZWM1MWRiNDZhXkEyXkFqcGdeQXVyNTE2MzU4OTA@._V1_UY67_CR11,0,45,67_AL_.jpg"
Take Off,2017,7.8,"Action, Drama, Thriller",Mahesh Narayanan,Parvathy Thiruvothu,"https://m.media-amazon.com/images/M/MV5BNjY4ZjgzNGMtZjg2OC00ODM2LTlmMzktNWNiNTNiYjQzOThiXkEyXkFqcGdeQXVyMjkxNzQ1NDI@._V1_UY67_CR0,0,45,67_AL_.jpg"
Vedam,2010,7.8,"Action, Drama",Radha Krishna Jagarlamudi,Manoj Kumar Manchu,"https://m.media-amazon.com/images/M/MV5BNmFmMTJiZGMtYWRjMC00ZDljLWJkZGUtYmRmMGJlYmI5MTI3XkEyXkFqcGdeQXVyNjQ3ODkxMjE@._V1_UX45_CR0,0,45,67_AL_.jpg"
Vinnaithaandi Varuvaayaa,2010,7.8,"Drama, Romance",Gautham Vasudev Menon,Silambarasan Rajendar,"https://m.media-amazon.com/images/M/MV5BMWNlMTA5NmUtNjRiYy00OWVhLTgwZDctOWY3YWY2ZDkwMWQ1XkEyXkFqcGdeQXVyODE0NjUxNzY@._V1_UX45_CR0,0,45,67_AL_.jpg"
Aadukalam,2011,7.9,"Action, Drama, Sport",Vetrimaaran,Dhanush,"https://m.media-amazon.com/images/M/MV5BMjYwYTVjNWYtMzM2MC00NTAwLWI2MDMtZjZmOTI3ZDQ2MThhXkEyXkFqcGdeQXVyMTEzNzg0Mjkx._V1_UY67_CR0,0,45,67_AL_.jpg"
Andaz Apna Apna,1994,7.9,"Action, Comedy, Romance",Rajkumar Santoshi,Aamir Khan,"https://m.media-amazon.com/images/M/MV5BZjA4NmE0NjgtZDg0ZS00Y2U0LWFjNjQtNzhhZWMxODk4Y2MwXkEyXkFqcGdeQXVyNDAzNDk0MTQ@._V1_UY67_CR0,0,45,67_AL_.jpg"
Android Kunjappan Version 5.25,2019,7.9,"Comedy, Drama, Sci-Fi",Ratheesh Balakrishnan Poduval,Soubin Shahir,"https://m.media-amazon.com/images/M/MV5BMzI2ZDJjYTYtNTI0MC00ZTY1LWJkNzYtMmU2OTk1MWJhYzQzXkEyXkFqcGdeQXVyMjkxNzQ1NDI@._V1_UX45_CR0,0,45,67_AL_.jpg"
Athadu,2005,7.9,"Crime, Drama, Mystery",Trivikram Srinivas,Mahesh Babu,"https://m.media-amazon.com/images/M/MV5BMDU4MDQ3YWItY2ViMy00NTM5LTg0NjQtMWIxN2ExZmU0ZTE0XkEyXkFqcGdeQXVyMjMyNjkwMTY@._V1_UY67_CR2,0,45,67_AL_.jpg"
Badhaai ho,2018,7.9,"Comedy, Drama",Amit Ravindernath Sharma,Ayushmann Khurrana,"https://m.media-amazon.com/images/M/MV5BNjZlMDdmN2YtYThmZi00NGQzLTk0ZTQtNTUyZDFmODExOGNiXkEyXkFqcGdeQXVyODE5NzE3OTE@._V1_UY67_CR0,0,45,67_AL_.jpg"
Company,2002,7.9,"Action, Crime, Drama",Ram Gopal Varma,Ajay Devgn,"https://m.media-amazon.com/images/M/MV5BMTQwMjFmMDItYzdjNC00NzFkLTg2MzctYzQ3ZmI0MWVlMDMwXkEyXkFqcGdeQXVyODE5NzE3OTE@._V1_UY67_CR0,0,45,67_AL_.jpg"
Deewaar,1975,7.9,"Action, Crime, Drama",Yash Chopra,Amitabh Bachchan,"https://m.media-amazon.com/images/M/MV5BMTU2NTYyOTA3NV5BMl5BanBnXkFtZTcwMDMyNjEzMQ@@._V1_UY67_CR0,0,45,67_AL_.jpg"
Dev.D,2009,7.9,"Comedy, Drama, Romance",Anurag Kashyap,Abhay Deol,"https://m.media-amazon.com/images/M/MV5BYjU1NjczNzYtYmFjOC00NzkxLTg4YTUtNGYzMTk3NTU0ZDE3XkEyXkFqcGdeQXVyNDUzOTQ5MjY@._V1_UY67_CR0,0,45,67_AL_.jpg"
Dilwale Dulhania Le Jayenge,1995,7.9,"Drama, Romance",Aditya Chopra,Shah Rukh Khan,"https://m.media-amazon.com/images/M/MV5BMDQ2ZmE2NTMtZDE3NC00YzFjLWJhNmEtMDEzMTI5ZjU2ZGM0XkEyXkFqcGdeQXVyNTkzNDQ4ODc@._V1_UY67_CR2,0,45,67_AL_.jpg"
Evaru,2019,7.9,"Crime, Drama, Mystery",Venkat Ramji,Adivi Sesh,"https://m.media-amazon.com/images/M/MV5BYmNjMTE0ZjctYTc5MS00M2NmLThmNmItYmFlYWY1MmYzZWE4XkEyXkFqcGdeQXVyNDUyMzYyNDc@._V1_UY67_CR1,0,45,67_AL_.jpg"
Gulaal,2009,7.9,"Crime, Drama, Thriller",Anurag Kashyap,Kay Kay Menon,"https://m.media-amazon.com/images/M/MV5BYTMxYjEwYjctMjg4Ni00N2UyLThkNDEtNTY4ODExNmIzYjE5XkEyXkFqcGdeQXVyODE5NzE3OTE@._V1_UY67_CR1,0,45,67_AL_.jpg"
Gully Boy,2019,7.9,"Drama, Music, Romance",Zoya Akhtar,Ranveer Singh,"https://m.media-amazon.com/images/M/MV5BZDkzMTQ1YTMtMWY4Ny00MzExLTkzYzEtNzZhOTczNzU2NTU1XkEyXkFqcGdeQXVyODY3NjMyMDU@._V1_UY67_CR3,0,45,67_AL_.jpg"
Haider,2014,7.9,"Action, Crime, Drama",Vishal Bhardwaj,Shahid Kapoor,"https://m.media-amazon.com/images/M/MV5BMjA1NTEwMDMxMF5BMl5BanBnXkFtZTgwODkzMzI0MjE@._V1_UY67_CR0,0,45,67_AL_.jpg"
Indian,1996,7.9,"Action, Drama, Thriller",S. Shankar,Kamal Haasan,"https://m.media-amazon.com/images/M/MV5BY2QxMzQyNzQtZGQzMS00MWViLWJiYjgtNTJmMWViOWM3OTc4XkEyXkFqcGdeQXVyODEzOTQwNTY@._V1_UY67_CR1,0,45,67_AL_.jpg"
Kshanam,2016,7.9,"Mystery, Thriller",Ravikanth Perepu,Adivi Sesh,"https://m.media-amazon.com/images/M/MV5BZTU0NjRjN2EtYzc0Yy00ZDk2LThiZjEtNDg5NGEzMDRhMzJhXkEyXkFqcGdeQXVyNTM2NTg3Nzg@._V1_UX45_CR0,0,45,67_AL_.jpg"
Maanaadu,2021,7.9,"Action, Adventure, Sci-Fi",Venkat Prabhu,Silambarasan Rajendar,"https://m.media-amazon.com/images/M/MV5BNDA4ZGE2ZGQtNTc0ZC00YWU4LTljYzMtYTY3NWRlYWRhYTUzXkEyXkFqcGdeQXVyMTEzNzg0Mjkx._V1_UY67_CR3,0,45,67_AL_.jpg"
Maanagaram,2017,7.9,"Action, Thriller",Lokesh Kanagaraj,Sundeep Kishan,"https://m.media-amazon.com/images/M/MV5BODY5OTJiNGUtNzgyMy00ZTQ5LWIyYzctMWQ0ZGM4ZjRiM2E0XkEyXkFqcGdeQXVyODIwMDI1NjM@._V1_UY67_CR0,0,45,67_AL_.jpg"
Maqbool,2003,7.9,"Crime, Drama, Thriller",Vishal Bhardwaj,Irrfan Khan,"https://m.media-amazon.com/images/M/MV5BMTE2NjYzOWUtMDgyZS00NGY3LTk5ZDctODMxNGYyNjUyODIwXkEyXkFqcGdeQXVyODE5NzE3OTE@._V1_UY67_CR1,0,45,67_AL_.jpg"
Mughal-E-Azam,1960,7.9,"Drama, Romance, War",K. Asif,Prithviraj Kapoor,"https://m.media-amazon.com/images/M/MV5BMmM2YWQ3MzctOTk1NS00NThhLWExY2MtYjQzZGRmZTFiYWY3XkEyXkFqcGdeQXVyMjUxMTY3ODM@._V1_UY67_CR2,0,45,67_AL_.jpg"
My Name Is Khan,2010,7.9,"Drama, Romance",Karan Johar,Shah Rukh Khan,"https://m.media-amazon.com/images/M/MV5BMTUyMTA4NDYzMV5BMl5BanBnXkFtZTcwMjk5MzcxMw@@._V1_UY67_CR0,0,45,67_AL_.jpg"
Naduvula Konjam Pakkatha Kaanom,2012,7.9,"Comedy, Drama",Balaji Tharaneetharan,Vijay Sethupathi,"https://m.media-amazon.com/images/M/MV5BYTI1MTMzMmQtMDA5Ni00OTM0LWFiNTAtZTgwZWU3NDJiMDEyXkEyXkFqcGdeQXVyODk1MzE5NDA@._V1_UX45_CR0,0,45,67_AL_.jpg"
Nayattu,2021,7.9,"Crime, Thriller",Martin Prakkat,Kunchacko Boban,"https://m.media-amazon.com/images/M/MV5BOTdhMWQ5YTYtNTNkMy00NGIzLWE2NjItYjhkYjQwMjljMDU1XkEyXkFqcGdeQXVyMjkxNzQ1NDI@._V1_UY67_CR0,0,45,67_AL_.jpg"
Padayappa,1999,7.9,"Action, Comedy, Drama",K.S. Ravikumar,Shivaji Ganesan,"https://m.media-amazon.com/images/M/MV5BMDA4ZGIwMGYtMmM0MC00ZjA1LWJlNzktNGIxYTgxMzdiMjViXkEyXkFqcGdeQXVyMTEzNzg0Mjkx._V1_UY67_CR2,0,45,67_AL_.jpg"
Padosan,1968,7.9,"Comedy, Musical, Romance",Jyoti Swaroop,Sunil Dutt,"https://m.media-amazon.com/images/M/MV5BOTgxNDk4YjgtMjE3OC00MWE0LTgyZWYtM2I1ZTQwYjk4NDYyXkEyXkFqcGdeQXVyODE5NzE3OTE@._V1_UX45_CR0,0,45,67_AL_.jpg"
Pelli Choopulu,2016,7.9,"Comedy, Drama, Romance",Tharun Bhascker Dhaassyam,Abhay Bethiganti,"https://m.media-amazon.com/images/M/MV5BN2M0ODhlNzAtYTNjMy00MjE0LWI3YjEtYTRmMjAwNmFlOTNlXkEyXkFqcGdeQXVyNjY1MTg4Mzc@._V1_UY67_CR1,0,45,67_AL_.jpg"
Rangasthalam,2018,7.9,"Action, Drama",Sukumar,Ram Charan,"https://m.media-amazon.com/images/M/MV5BMjQ1MjFkN2EtOTU4NS00NDkzLThhNzItODkzYWNjZDMxZjE0XkEyXkFqcGdeQXVyNTgxODY5ODI@._V1_UY67_CR1,0,45,67_AL_.jpg"
Special Chabbis,2013,7.9,"Crime, Drama, Thriller",Neeraj Pandey,Akshay Kumar,"https://m.media-amazon.com/images/M/MV5BMTQ1NDI5MjMzNF5BMl5BanBnXkFtZTcwMTc0MDQwOQ@@._V1_UY67_CR0,0,45,67_AL_.jpg"
Thadam,2019,7.9,"Crime, Drama, Mystery",Magizh Thirumeni,Arun Vijay,"https://m.media-amazon.com/images/M/MV5BZGMyNjFjYWItYzMwZi00ZDJmLWFlYTMtMGVjNWEyYWRkZGE2XkEyXkFqcGdeQXVyOTk3NTc2MzE@._V1_UX45_CR0,0,45,67_AL_.jpg"
The Great Indian Kitchen,2021,7.9,"Comedy, Drama",Jeo Baby,Nimisha Sajayan,"https://m.media-amazon.com/images/M/MV5BNTgzMzQ3NTktZWU0NC00ZTUzLWEzZTQtZThhMDgyZjkwYTlhXkEyXkFqcGdeQXVyMjkxNzQ1NDI@._V1_UY67_CR4,0,45,67_AL_.jpg"
Thondimuthalum Dhriksakshiyum,2017,7.9,"Crime, Drama, Thriller",Dileesh Pothan,Fahadh Faasil,"https://m.media-amazon.com/images/M/MV5BYzUwM2M0NGYtMDVkZS00OWIyLWIzYmYtZGU1MmU4MWM0ZjU2XkEyXkFqcGdeQXVyODE0NjUxNzY@._V1_UY67_CR1,0,45,67_AL_.jpg"
Ugly,2013,7.9,"Crime, Drama, Mystery",Anurag Kashyap,Rahul Bhatt,"https://m.media-amazon.com/images/M/MV5BY2VmMjlhYjgtYWY4ZS00MjYwLTg1ZTctZjA3MTMzMjJhNzA2XkEyXkFqcGdeQXVyNjE1OTQ0NjA@._V1_UY67_CR0,0,45,67_AL_.jpg"
Ulidavaru Kandanthe,2014,7.9,"Crime, Drama, Thriller",Rakshit Shetty,Kishore Kumar G.,"https://m.media-amazon.com/images/M/MV5BMTc3ODUxODg3MV5BMl5BanBnXkFtZTgwMDc0MDY4MTE@._V1_UX45_CR0,0,45,67_AL_.jpg"
Vaaranam Aayiram,2008,7.9,"Action, Drama, Musical",Gautham Vasudev Menon,Suriya,"https://m.media-amazon.com/images/M/MV5BNzQ3MmQwZTItYTZkYS00NmQzLWJlYTAtMDI1NDI5YmNiMTlkXkEyXkFqcGdeQXVyMTEzNzg0Mjkx._V1_UY67_CR17,0,45,67_AL_.jpg"
Vaastav: The Reality,1999,7.9,"Action, Crime, Drama",Mahesh Manjrekar,Sanjay Dutt,"https://m.media-amazon.com/images/M/MV5BNzdhNWYwMGUtOGRjYS00ODg4LWE2NTktNzJhMGZhNGQyYzA5XkEyXkFqcGdeQXVyODE5NzE3OTE@._V1_UX45_CR0,0,45,67_AL_.jpg"
A Wednesday,2008,8,"Action, Crime, Drama",Neeraj Pandey,Anupam Kher,"https://m.media-amazon.com/images/M/MV5BOTcwMzdiMWItMjZlOS00MzAzLTg5OTItNTA4OGYyMjBhMmRiXkEyXkFqcGdeQXVyODE5NzE3OTE@._V1_UY67_CR1,0,45,67_AL_.jpg"
Alai Payuthey,2000,8,"Drama, Musical, Romance",Mani Ratnam,Madhavan,"https://m.media-amazon.com/images/M/MV5BY2IyY2VmZGMtNzRhMy00YzhmLThmYzItMTQyNTM3NDZlZjYzXkEyXkFqcGdeQXVyMTEzNzg0Mjkx._V1_UX45_CR0,0,45,67_AL_.jpg"
Anand,1971,8,"Drama, Musical",Hrishikesh Mukherjee,Rajesh Khanna,"https://m.media-amazon.com/images/M/MV5BM2ExNWJkNTUtYjAwMC00NzYzLTliNTUtMzUwMjhiMTNmZmY4XkEyXkFqcGdeQXVyMTA0MTM5NjI2._V1_UX45_CR0,0,45,67_AL_.jpg"
Angoor,1982,8,Comedy,Gulzar,Sanjeev Kumar,"https://m.media-amazon.com/images/M/MV5BMGQ0YTQ4YzktZTMzYy00NWZhLTk0MGEtMzQ0YTE5OWUzN2U5XkEyXkFqcGdeQXVyMTgwMjgwMjM@._V1_UY67_CR3,0,45,67_AL_.jpg"
Baahubali 2: The Conclusion,2017,8,"Action, Drama",S.S. Rajamouli,Prabhas,"https://m.media-amazon.com/images/M/MV5BOGNlNmRkMjctNDgxMC00NzFhLWIzY2YtZDk3ZDE0NWZhZDBlXkEyXkFqcGdeQXVyODIwMDI1NjM@._V1_UX45_CR0,0,45,67_AL_.jpg"
Baasha,1995,8,"Action, Crime, Drama",Suresh Krishna,Rajinikanth,"https://m.media-amazon.com/images/M/MV5BMjI3ZDJiZjEtYjUzOS00YzZlLWJkZjctMDU4YzNhNjJhMzI4XkEyXkFqcGdeQXVyOTA0NTIzNzU@._V1_UY67_CR3,0,45,67_AL_.jpg"
Bajrangi Bhaijaan,2015,8,"Action, Adventure, Comedy",Kabir Khan,Salman Khan,"https://m.media-amazon.com/images/M/MV5BMGE3Yjg3NzItNjlmOS00YjY2LThiMDctMzM0NDA2NmExYTg4XkEyXkFqcGdeQXVyMTQ3ODQ3NTcz._V1_UY67_CR0,0,45,67_AL_.jpg"
Barfi!,2012,8,"Comedy, Drama, Romance",Anurag Basu,Ranbir Kapoor,"https://m.media-amazon.com/images/M/MV5BMTQzMTEyODY2Ml5BMl5BanBnXkFtZTgwMjA0MDUyMjE@._V1_UY67_CR0,0,45,67_AL_.jpg"
Bombay,1995,8,"Drama, Romance",Mani Ratnam,Arvind Swamy,"https://m.media-amazon.com/images/M/MV5BNDA2NjYzNTAtMzEzZS00ZDBiLWJjYjctOTM5OGRhMDU2ZTI4XkEyXkFqcGdeQXVyNjc5Mjg4Nzc@._V1_UX45_CR0,0,45,67_AL_.jpg"
Bommarillu,2006,8,"Comedy, Drama, Romance",Bommarillu Baskar,Siddharth,"https://m.media-amazon.com/images/M/MV5BMGE5YzNlMDAtZjMxYS00NDkyLTk3YWMtY2Y3ODJjOTJkM2MyXkEyXkFqcGdeQXVyMTEzNzg0Mjkx._V1_UY67_CR1,0,45,67_AL_.jpg"
Charulata,1964,8,"Drama, Romance",Satyajit Ray,Soumitra Chatterjee,"https://m.media-amazon.com/images/M/MV5BNzE1NjhiMDktOWE1ZS00YmQ3LWFjM2UtMDYzZjEyZWZkZWZjXkEyXkFqcGdeQXVyNDUzOTQ5MjY@._V1_UX45_CR0,0,45,67_AL_.jpg"
Dil Chahta Hai,2001,8,"Comedy, Drama, Romance",Farhan Akhtar,Aamir Khan,"https://m.media-amazon.com/images/M/MV5BMjRjMTYwMTYtMmRkNi00MmVkLWE0MjQtNmM3YjI0NWFhZDNmXkEyXkFqcGdeQXVyODE5NzE3OTE@._V1_UX45_CR0,0,45,67_AL_.jpg"
Hera Pheri,2000,8,"Action, Comedy, Crime",Priyadarshan,Akshay Kumar,"https://m.media-amazon.com/images/M/MV5BNDExMTBlZTYtZWMzYi00NmEwLWEzZGYtOTA1MDhmNTc0ODZkXkEyXkFqcGdeQXVyODE5NzE3OTE@._V1_UX45_CR0,0,45,67_AL_.jpg"
Iqbal,2005,8,"Drama, Sport",Nagesh Kukunoor,Shreyas Talpade,"https://m.media-amazon.com/images/M/MV5BMjA3NzUzMjU5MF5BMl5BanBnXkFtZTgwNzMxMDAxMzE@._V1_UY67_CR2,0,45,67_AL_.jpg"
Jigarthanda,2014,8,"Action, Comedy, Crime",Karthik Subbaraj,Siddharth,"https://m.media-amazon.com/images/M/MV5BMDU5YThlNzUtNjcyNC00ZmE3LTkxZDEtNThmZTMyZDlmZGE1XkEyXkFqcGdeQXVyODk1MzE5NDA@._V1_UY67_CR0,0,45,67_AL_.jpg"
K.G.F: Chapter 1,2018,8,"Action, Crime, Drama",Prashanth Neel,Yash,"https://m.media-amazon.com/images/M/MV5BZDNlNzBjMGUtYTA0Yy00OTI2LWJmZjMtODliYmUyYTI0OGFmXkEyXkFqcGdeQXVyODIwMDI1NjM@._V1_UX45_CR0,0,45,67_AL_.jpg"
Kaakkaa Muttai,2014,8,"Comedy, Drama",M. Manikandan,Ramesh,"https://m.media-amazon.com/images/M/MV5BM2YzNTM5NjgtZGNhMi00MjI5LWE3ZjgtOTYyODRkZWIyMGNhXkEyXkFqcGdeQXVyODIwMDI1NjM@._V1_UY67_CR1,0,45,67_AL_.jpg"
Kahaani,2012,8,"Mystery, Thriller",Sujoy Ghosh,Vidya Balan,"https://m.media-amazon.com/images/M/MV5BMTQ1NDI0NzkyOF5BMl5BanBnXkFtZTcwNzAyNzE2Nw@@._V1_UY67_CR0,0,45,67_AL_.jpg"
Kaun Pravin Tambe?,2022,8,"Biography, Drama, Sport",Jayprad Desai,Shreyas Talpade,"https://m.media-amazon.com/images/M/MV5BYzY5MWZkMzMtYTIxNS00ZmYxLWFkNjMtNTNlMTM2ZmU2YThlXkEyXkFqcGdeQXVyODE5NzE3OTE@._V1_UX45_CR0,0,45,67_AL_.jpg"
Lagaan: Once Upon a Time in India,2001,8,"Drama, Musical, Sport",Ashutosh Gowariker,Aamir Khan,"https://m.media-amazon.com/images/M/MV5BNDYxNWUzZmYtOGQxMC00MTdkLTkxOTctYzkyOGIwNWQxZjhmXkEyXkFqcGdeQXVyNjU0OTQ0OTY@._V1_UX45_CR0,0,45,67_AL_.jpg"
Lage Raho Munna Bhai,2006,8,"Comedy, Drama, Romance",Rajkumar Hirani,Sanjay Dutt,"https://m.media-amazon.com/images/M/MV5BN2ZmMDMwODgtMzA5MS00MGU0LWEyYTgtYzQ5MmQzMzU2NTVkXkEyXkFqcGdeQXVyODE5NzE3OTE@._V1_UY67_CR0,0,45,67_AL_.jpg"
Lucia,2013,8,"Drama, Sci-Fi, Thriller",Pawan Kumar,Sathish Neenasam,"https://m.media-amazon.com/images/M/MV5BMTQyMDA5ODkzN15BMl5BanBnXkFtZTgwMjIzMDkyMDE@._V1_UY67_CR0,0,45,67_AL_.jpg"
Maheshinte Prathikaaram,2016,8,"Comedy, Drama, Thriller",Dileesh Pothan,Fahadh Faasil,"https://m.media-amazon.com/images/M/MV5BY2VkNjRlZTQtZWYyMy00ZWE2LTgyYzEtOGRiMzVhZTY0NTRlXkEyXkFqcGdeQXVyMjkxNzQ1NDI@._V1_UY67_CR2,0,45,67_AL_.jpg"
Mandela,2021,8,"Comedy, Drama",Madonne Ashwin,Yogi Babu,"https://m.media-amazon.com/images/M/MV5BMjQxOTdjZDgtODA3Mi00ZTMzLWFjNGYtOTI2MzQyNzljZjk0XkEyXkFqcGdeQXVyMTI1NDAzMzM0._V1_UX45_CR0,0,45,67_AL_.jpg"
Masaan,2015,8,Drama,Neeraj Ghaywan,Richa Chadha,"https://m.media-amazon.com/images/M/MV5BMTU4NTE0NTMyNl5BMl5BanBnXkFtZTgwNjI5MDkxNjE@._V1_UX45_CR0,0,45,67_AL_.jpg"
Munna Bhai M.B.B.S.,2003,8,"Comedy, Drama",Rajkumar Hirani,Sanjay Dutt,"https://m.media-amazon.com/images/M/MV5BMzQ4MTBlYTQtMzJkYS00OGNjLTk1MWYtNzQ0OTQ0OWEyOWU1XkEyXkFqcGdeQXVyNDgyODgxNjE@._V1_UY67_CR1,0,45,67_AL_.jpg"
Nil Battey Sannata,2015,8,"Drama, Family",Ashwiny Iyer Tiwari,Swara Bhaskar,"https://m.media-amazon.com/images/M/MV5BYTM3ZDg0ODItMTQxNy00NDRmLWJlOTMtZTZhNThmOTRiY2YyXkEyXkFqcGdeQXVyODE5NzE3OTE@._V1_UY67_CR0,0,45,67_AL_.jpg"
OMG: Oh My God!,2012,8,"Comedy, Drama, Fantasy",Umesh Shukla,Paresh Rawal,"https://m.media-amazon.com/images/M/MV5BMGNhYjUwNmYtNDQxNi00NDdmLTljMDAtZWM1NDQyZTk3ZDYwXkEyXkFqcGdeQXVyODE5NzE3OTE@._V1_UY67_CR0,0,45,67_AL_.jpg"
Omkara,2006,8,"Action, Crime, Drama",Vishal Bhardwaj,Ajay Devgn,"https://m.media-amazon.com/images/M/MV5BY2NmNjlhYzQtMWU5MS00YTVmLWIyOWEtOGFmY2ZjMjY2ZGRkXkEyXkFqcGdeQXVyMTMxMTY0OTQ@._V1_UX45_CR0,0,45,67_AL_.jpg"
Oru Vadakkan Veeragatha,1989,8,"Drama, History",T. Hariharan,Mammootty,"https://m.media-amazon.com/images/M/MV5BODNjOGNjZGMtYzUwYS00NTM1LTk1MTEtZjlhOTY2MTBhNDkxXkEyXkFqcGdeQXVyMjQwMDg0Ng@@._V1_UY67_CR0,0,45,67_AL_.jpg"
Pink,2016,8,"Crime, Drama, Thriller",Aniruddha Roy Chowdhury,Taapsee Pannu,"https://m.media-amazon.com/images/M/MV5BNGI1MTI1YTQtY2QwYi00YzUzLTg3NWYtNzExZDlhOTZmZWU0XkEyXkFqcGdeQXVyMDkwNTkwNg@@._V1_UY67_CR2,0,45,67_AL_.jpg"
Pithamagan,2003,8,"Action, Drama",Bala,Vikram,"https://m.media-amazon.com/images/M/MV5BODA2YTgyMDItNzFjNi00Y2IzLTlhZTgtOGMzZjgzNDUxNzQxXkEyXkFqcGdeQXVyODE0NjUxNzY@._V1_UY67_CR1,0,45,67_AL_.jpg"
Rang De Basanti,2006,8,"Comedy, Crime, Drama",Rakeysh Omprakash Mehra,Aamir Khan,"https://m.media-amazon.com/images/M/MV5BYThmZDA0YmQtMWJhNy00MDQwLTk0Y2YtMDhmZTE5ZjhlNjliXkEyXkFqcGdeQXVyODE5NzE3OTE@._V1_UY67_CR1,0,45,67_AL_.jpg"
Roja,1992,8,"Drama, Romance, Thriller",Mani Ratnam,Arvind Swamy,"https://m.media-amazon.com/images/M/MV5BMTBlZTk1YTMtZTQ2Ni00YzhkLWJiNDEtNWI2NjE0M2I4ZmYzXkEyXkFqcGdeQXVyNjc5Mjg4Nzc@._V1_UX45_CR0,0,45,67_AL_.jpg"
RRR (Rise Roar Revolt),2022,8,"Action, Drama",S.S. Rajamouli,N.T. Rama Rao Jr.,"https://m.media-amazon.com/images/M/MV5BODUwNDNjYzctODUxNy00ZTA2LWIyYTEtMDc5Y2E5ZjBmNTMzXkEyXkFqcGdeQXVyODE5NzE3OTE@._V1_UY67_CR2,0,45,67_AL_.jpg"
Sarfarosh,1999,8,"Action, Drama, Thriller",John Mathew Matthan,Aamir Khan,"https://m.media-amazon.com/images/M/MV5BZTljOTU3MjQtMjVjYS00NWM5LTljZjQtMjhiM2JmMDYxZjZhXkEyXkFqcGdeQXVyODE5NzE3OTE@._V1_UY67_CR1,0,45,67_AL_.jpg"
Section 375,2019,8,"Crime, Drama, Mystery",Ajay Bahl,Akshaye Khanna,"https://m.media-amazon.com/images/M/MV5BMTQwNDBlODYtNGIyYS00ZmMwLTk5NDUtNDEwNmFiZjY0ZDUxXkEyXkFqcGdeQXVyODg4OTQ4NDM@._V1_UY67_CR0,0,45,67_AL_.jpg"
Shershaah,2021,8,"Action, Biography, Drama",Vishnuvardhan,Sidharth Malhotra,"https://m.media-amazon.com/images/M/MV5BMjk1NzcwMDUtNDU4ZC00MzlhLTkzZjAtM2MxMTRjZGE0ODdhXkEyXkFqcGdeQXVyODE5NzE3OTE@._V1_UY67_CR2,0,45,67_AL_.jpg"
Sholay,1975,8,"Action, Adventure, Comedy",Ramesh Sippy,Sanjeev Kumar,"https://m.media-amazon.com/images/M/MV5BOWQ0YTUzYzItYjI0MC00OTZmLWE1MWQtY2EzMzU2MTlmMmJjXkEyXkFqcGdeQXVyMDkwNTkwNg@@._V1_UY67_CR3,0,45,67_AL_.jpg"
Talvar,2015,8,"Crime, Drama, Mystery",Meghna Gulzar,Irrfan Khan,"https://m.media-amazon.com/images/M/MV5BMTYzODg0Mjc4M15BMl5BanBnXkFtZTgwNzY4Mzc3NjE@._V1_UY67_CR2,0,45,67_AL_.jpg"
The Legend of Bhagat Singh,2002,8,"Action, Biography, Drama",Rajkumar Santoshi,Ajay Devgn,"https://m.media-amazon.com/images/M/MV5BODdhOWU3YjItM2JjYi00ODFkLWJjODgtNTU4ZWM0MTVlZGI3XkEyXkFqcGdeQXVyMTEzNzg0Mjkx._V1_UY67_CR1,0,45,67_AL_.jpg"
Theeran Adhigaaram Ondru,2017,8,"Action, Crime, Thriller",H. Vinoth,Karthi,"https://m.media-amazon.com/images/M/MV5BNGFkYTM4NzQtNWE3Yy00NTM2LWI1MDktYTg5NTIxMzQ5MmE4XkEyXkFqcGdeQXVyODIwMDI1NjM@._V1_UX45_CR0,0,45,67_AL_.jpg"
Udaan,2010,8,Drama,Vikramaditya Motwane,Rajat Barmecha,"https://m.media-amazon.com/images/M/MV5BNzgxMzExMzUwNV5BMl5BanBnXkFtZTcwMDc2MjUwNA@@._V1_UY67_CR0,0,45,67_AL_.jpg"
Uri: The Surgical Strike,2019,8,"Action, Drama, History",Aditya Dhar,Vicky Kaushal,"https://m.media-amazon.com/images/M/MV5BMWU4ZjNlNTQtOGE2MS00NDI0LWFlYjMtMmY3ZWVkMjJkNGRmXkEyXkFqcGdeQXVyNjE1OTQ0NjA@._V1_UY67_CR0,0,45,67_AL_.jpg"
Ustad Hotel,2012,8,"Comedy, Drama",Anwar Rasheed,Dulquer Salmaan,"https://m.media-amazon.com/images/M/MV5BNWYzYjk3YzItNzBhMC00NmQwLTk0MmUtNzU5MWNmNDI2Mzg0XkEyXkFqcGdeQXVyODE0NjUxNzY@._V1_UY67_CR2,0,45,67_AL_.jpg"
Virumandi,2004,8,"Action, Drama, Thriller",Kamal Haasan,Kamal Haasan,"https://m.media-amazon.com/images/M/MV5BODVkMDliZjQtZmI3Ni00NGJlLThjY2MtYmY5M2I1ODU5ZGE0XkEyXkFqcGdeQXVyOTk3NTc2MzE@._V1_UY67_CR0,0,45,67_AL_.jpg"
Agent Sai Srinivasa Athreya,2019,8.1,"Comedy, Crime, Mystery",Swaroop Rsj,Naveen Polishetty,"https://m.media-amazon.com/images/M/MV5BMTM2MmJkZmUtZWQ0Yi00YWZjLWIyNTItNDQ2YzAwNmI4YjlmXkEyXkFqcGdeQXVyODMxNjkyNzQ@._V1_UX45_CR0,0,45,67_AL_.jpg"
Andhadhun,2018,8.1,"Comedy, Crime, Music",Sriram Raghavan,Ayushmann Khurrana,"https://m.media-amazon.com/images/M/MV5BZWZhMjhhZmYtOTIzOC00MGYzLWI1OGYtM2ZkN2IxNTI4ZWI3XkEyXkFqcGdeQXVyNDAzNDk0MTQ@._V1_UY67_CR0,0,45,67_AL_.jpg"
Anniyan,2005,8.1,"Action, Drama, Thriller",S. Shankar,Vikram,"https://m.media-amazon.com/images/M/MV5BOGZkYmQ4OGQtNDliYi00NDY5LWE2YzAtODMyMGEyMDhhM2I3XkEyXkFqcGdeQXVyMTEzNzg0Mjkx._V1_UY67_CR0,0,45,67_AL_.jpg"
Article 15,2019,8.1,"Crime, Drama, Mystery",Anubhav Sinha,Ayushmann Khurrana,"https://m.media-amazon.com/images/M/MV5BZTI2NTFiMDMtZjQxNS00YjBkLWFhNWMtOTIyMzE5Yjc0ZTZiXkEyXkFqcGdeQXVyODE5NzE3OTE@._V1_UY67_CR0,0,45,67_AL_.jpg"
Aruvi,2016,8.1,Drama,Arun Prabhu Purushothaman,Aditi Balan,"https://m.media-amazon.com/images/M/MV5BZDM5N2FlNTctNTY3MS00OWNjLWFmOTAtYjJkMjU5NWIyNDVmXkEyXkFqcGdeQXVyMTA3MzQ4MTc0._V1_UY67_CR2,0,45,67_AL_.jpg"
Bangalore Days,2014,8.1,"Comedy, Drama, Romance",Anjali Menon,Nazriya Nazim,"https://m.media-amazon.com/images/M/MV5BZmY5NjNjYWMtNmJhNi00YTk0LTg0OWUtNDE4OGQ0YmM4NDAwXkEyXkFqcGdeQXVyODE5NzE3OTE@._V1_UY67_CR2,0,45,67_AL_.jpg"
Bhaag Milkha Bhaag,2013,8.1,"Biography, Drama, Sport",Rakeysh Omprakash Mehra,Farhan Akhtar,"https://m.media-amazon.com/images/M/MV5BMTY1Nzg4MjcwN15BMl5BanBnXkFtZTcwOTc1NTk1OQ@@._V1_UY67_CR0,0,45,67_AL_.jpg"
Black,2005,8.1,Drama,Sanjay Leela Bhansali,Amitabh Bachchan,"https://m.media-amazon.com/images/M/MV5BNTI5MmE5M2UtZjIzYS00M2JjLWIwNDItYTY2ZWNiODBmYTBiXkEyXkFqcGdeQXVyNjQ2MjQ5NzM@._V1_UY67_CR0,0,45,67_AL_.jpg"
Chak De! India,2007,8.1,"Drama, Family, Sport",Shimit Amin,Shah Rukh Khan,"https://m.media-amazon.com/images/M/MV5BMTUzODMyNzk4NV5BMl5BanBnXkFtZTgwNTk1NTYyNTM@._V1_UY67_CR2,0,45,67_AL_.jpg"
Chhichhore,2019,8.1,"Comedy, Drama, Romance",Nitesh Tiwari,Sushant Singh Rajput,"https://m.media-amazon.com/images/M/MV5BYjg2ZDI2YTYtN2EwYi00YWI5LTgyMWQtMWFkYmE3NmJkOGVhXkEyXkFqcGdeQXVyODE5NzE3OTE@._V1_UY67_CR0,0,45,67_AL_.jpg"
Chithram,1988,8.1,"Comedy, Drama, Musical",Priyadarshan,Mohanlal,"https://m.media-amazon.com/images/M/MV5BNzYzZWZiOGItMmU3Ni00Yzk5LTliZGItYTJiNTMxOTEwYjFiXkEyXkFqcGdeQXVyMTEzNzg0Mjkx._V1_UY67_CR2,0,45,67_AL_.jpg"
Chupke Chupke,1975,8.1,"Comedy, Drama, Romance",Hrishikesh Mukherjee,Dharmendra,"https://m.media-amazon.com/images/M/MV5BMjAzMjMzMzU2N15BMl5BanBnXkFtZTgwMDkxOTE3NDE@._V1_UY67_CR2,0,45,67_AL_.jpg"
Devasuram,1993,8.1,"Action, Drama, Thriller",I.V. Sasi,Mohanlal,"https://m.media-amazon.com/images/M/MV5BNzY5ZTA3YWItMjYxZi00ZWFlLWEwN2ItZDBhMTFjNjYzNGM4XkEyXkFqcGdeQXVyMTEzNzg0Mjkx._V1_UY67_CR2,0,45,67_AL_.jpg"
Dhuruvangal Pathinaaru,2016,8.1,"Crime, Drama, Mystery",Karthick Naren,Rahman,"https://m.media-amazon.com/images/M/MV5BN2Y3ZTE4MzAtZTk3Zi00ZjJjLWJkMDgtOTRkZGRiYmU4YjA0XkEyXkFqcGdeQXVyODIwMDI1NjM@._V1_UX45_CR0,0,45,67_AL_.jpg"
Drishyam,2013,8.1,"Crime, Drama, Thriller",Jeethu Joseph,Mohanlal,"https://m.media-amazon.com/images/M/MV5BYmY3MzYwMGUtOWMxYS00OGVhLWFjNmUtYzlkNGVmY2ZkMjA3XkEyXkFqcGdeQXVyMTExNDQ2MTI@._V1_UY67_CR3,0,45,67_AL_.jpg"
Drishyam,2015,8.1,"Crime, Drama, Mystery",Nishikant Kamat,Ajay Devgn,"https://m.media-amazon.com/images/M/MV5BYmJhZmJlYTItZmZlNy00MGY0LTg0ZGMtNWFkYWU5NTA1YTNhXkEyXkFqcGdeQXVyODE5NzE3OTE@._V1_UY67_CR0,0,45,67_AL_.jpg"
Gangs of Wasseypur,2012,8.1,"Action, Comedy, Crime",Anurag Kashyap,Manoj Bajpayee,"https://m.media-amazon.com/images/M/MV5BMTc5NjY4MjUwNF5BMl5BanBnXkFtZTgwODM3NzM5MzE@._V1_UY67_CR0,0,45,67_AL_.jpg"
Guide,1965,8.1,"Drama, Musical, Romance",Vijay Anand,Dev Anand,"https://m.media-amazon.com/images/M/MV5BOTM4ZjhiNGItMzE2My00YjM0LWE5ZTEtYTA5NDMzZDJlOWQ3XkEyXkFqcGdeQXVyODMyODMxNDY@._V1_UY67_CR1,0,45,67_AL_.jpg"
Iruvar,1997,8.1,"Biography, Drama",Mani Ratnam,Mohanlal,"https://m.media-amazon.com/images/M/MV5BZDg5MGJjM2EtZWVmYS00MDNkLTg1MDQtOGU3MmIzNjg2Mjk4XkEyXkFqcGdeQXVyNjE1OTQ0NjA@._V1_UY67_CR1,0,45,67_AL_.jpg"
Jo Jeeta Wohi Sikandar,1992,8.1,"Comedy, Drama, Romance",Mansoor Khan,Aamir Khan,"https://m.media-amazon.com/images/M/MV5BNTU1ZjQwNDAtZDAwMC00OTcyLTg4MDUtOTUwYTU4N2M4YTgxXkEyXkFqcGdeQXVyNDUzOTQ5MjY@._V1_UY67_CR2,0,45,67_AL_.jpg"
Kannathil Muthamittal,2002,8.1,"Action, Drama, War",Mani Ratnam,Madhavan,"https://m.media-amazon.com/images/M/MV5BMTQ0YmIzOGQtNGMwNS00ODE0LTg3NjAtY2UxYzU0ODdjZTIwXkEyXkFqcGdeQXVyOTk3NTc2MzE@._V1_UX45_CR0,0,45,67_AL_.jpg"
Mahanati,2018,8.1,"Biography, Drama",Nag Ashwin,Keerthy Suresh,"https://m.media-amazon.com/images/M/MV5BMmNkN2ZkODgtZTU1Zi00MDg3LWE1MGQtM2ZmY2Y3ODcwZmE5XkEyXkFqcGdeQXVyNTgxODY5ODI@._V1_UX45_CR0,0,45,67_AL_.jpg"
Mudhalvan,1999,8.1,"Action, Drama, Thriller",S. Shankar,Arjun Sarja,"https://m.media-amazon.com/images/M/MV5BN2JiOGI2ODMtNGFiMy00NjZjLThmODMtZTEzZDkwNjdhZTk3XkEyXkFqcGdeQXVyODE0NjUxNzY@._V1_UY67_CR1,0,45,67_AL_.jpg"
Paan Singh Tomar,2012,8.1,"Action, Biography, Crime",Tigmanshu Dhulia,Irrfan Khan,"https://m.media-amazon.com/images/M/MV5BNTgwODM5OTMzN15BMl5BanBnXkFtZTcwMTA3NzI1Nw@@._V1_UY67_CR0,0,45,67_AL_.jpg"
Papanasam,2015,8.1,"Drama, Thriller",Jeethu Joseph,Kamal Haasan,"https://m.media-amazon.com/images/M/MV5BYzJkMDlhZmItZTIxNC00NmQ5LTg4ZTEtZWI2MDQ1N2E3YWExXkEyXkFqcGdeQXVyODEzOTQwNTY@._V1_UX45_CR0,0,45,67_AL_.jpg"
Peranbu,2018,8.1,Drama,Ram,Mammootty,"https://m.media-amazon.com/images/M/MV5BZDU1OGNiMzAtYjRkYS00NDBiLWFlZGQtZTBmZDk4M2M2MGI2XkEyXkFqcGdeQXVyMTEzNzg0Mjkx._V1_UX45_CR0,0,45,67_AL_.jpg"
PK,2014,8.1,"Comedy, Drama, Sci-Fi",Rajkumar Hirani,Aamir Khan,"https://m.media-amazon.com/images/M/MV5BMTYzOTE2NjkxN15BMl5BanBnXkFtZTgwMDgzMTg0MzE@._V1_UY67_CR0,0,45,67_AL_.jpg"
Premam,2015,8.1,"Comedy, Drama, Romance",Alphonse Puthren,Nivin Pauly,"https://m.media-amazon.com/images/M/MV5BMzJhNjMyOGMtYjhiYy00ZTAwLThmZWUtZmE5NzI3OTk4Y2M4XkEyXkFqcGdeQXVyMzQ5Njc3NzU@._V1_UY67_CR2,0,45,67_AL_.jpg"
Pudhu Pettai,2006,8.1,"Action, Crime, Drama",K. Selvaraghavan,Dhanush,"https://m.media-amazon.com/images/M/MV5BZGVlYjYyYTMtYTE3OS00Yzg2LWE3MjgtMDAwMTJjNGM4MjM3XkEyXkFqcGdeQXVyODE0NjUxNzY@._V1_UY67_CR11,0,45,67_AL_.jpg"
Pyaasa,1957,8.1,"Drama, Musical, Romance",Guru Dutt,Guru Dutt,"https://m.media-amazon.com/images/M/MV5BZWJiNDk4NjgtYTczYi00MjNkLWI5OTItYTcxN2EwNjNiNDIyXkEyXkFqcGdeQXVyMTMzMTQ1Mjcw._V1_UY67_CR4,0,45,67_AL_.jpg"
Queen,2013,8.1,"Adventure, Comedy, Drama",Vikas Bahl,Kangana Ranaut,"https://m.media-amazon.com/images/M/MV5BNWYyOWRlOWItZWM5MS00ZjJkLWI0MTUtYTE3NTI5MDAwYjgyXkEyXkFqcGdeQXVyODE5NzE3OTE@._V1_UY67_CR0,0,45,67_AL_.jpg"
Ratsasan,2018,8.1,"Crime, Drama, Mystery",Ram Kumar,Vishnu Vishal,"https://m.media-amazon.com/images/M/MV5BMjU2NzIzMjYtMGE2ZS00YzgzLWE5MzgtZTFiYTlmOWNlYmJkXkEyXkFqcGdeQXVyODIwMDI1NjM@._V1_UY67_CR2,0,45,67_AL_.jpg"
Sairat,2016,8.1,"Drama, Romance",Nagraj Manjule,Rinku Rajguru,"https://m.media-amazon.com/images/M/MV5BMjBjNWYyY2UtOGNjZC00MTg4LWIwYWItYmZiNDI5MGUwNWRkXkEyXkFqcGdeQXVyNjI1NjA5NjE@._V1_UY67_CR0,0,45,67_AL_.jpg"
Satya,1998,8.1,"Action, Crime, Drama",Ram Gopal Varma,J.D. Chakravarthi,"https://m.media-amazon.com/images/M/MV5BMTMwMjk3MzA2OF5BMl5BanBnXkFtZTcwNjU2ODgzMQ@@._V1_UY67_CR1,0,45,67_AL_.jpg"
Shahid,2012,8.1,"Biography, Drama",Hansal Mehta,Rajkummar Rao,"https://m.media-amazon.com/images/M/MV5BMTYyMDE1NjQ1Nl5BMl5BanBnXkFtZTgwMDAyMTUzMDE@._V1_UY67_CR2,0,45,67_AL_.jpg"
Soodhu Kavvum,2013,8.1,"Comedy, Crime, Thriller",Nalan Kumarasamy,Vijay Sethupathi,"https://m.media-amazon.com/images/M/MV5BNzZiNGRlM2EtZWEwZC00MDg5LWEyYTctYjJkYmFjNzRiZmE1XkEyXkFqcGdeQXVyODk1MzE5NDA@._V1_UX45_CR0,0,45,67_AL_.jpg"
Spadikam,1995,8.1,"Action, Drama",Bhadran,Chippy,"https://m.media-amazon.com/images/M/MV5BN2I5NzUzYjQtZDRkNC00Yzc4LTk3ODItY2UzYWQwOWNiYjhhXkEyXkFqcGdeQXVyMjkxNzQ1NDI@._V1_UY67_CR3,0,45,67_AL_.jpg"
Super Deluxe,2019,8.1,"Comedy, Crime, Drama",Thiagarajan Kumararaja,Vijay Sethupathi,"https://m.media-amazon.com/images/M/MV5BMGYzNTRiZjEtNjcyYS00YTRlLThlY2EtYjcwZDJiYWU2N2E3XkEyXkFqcGdeQXVyOTk3NTc2MzE@._V1_UX45_CR0,0,45,67_AL_.jpg"
"Swades: We, the People",2004,8.1,"Drama, Musical",Ashutosh Gowariker,Shah Rukh Khan,"https://m.media-amazon.com/images/M/MV5BYzExOTcwNjYtZTljMC00YTQ2LWI2YjYtNWFlYzQ0YTJhNzJmXkEyXkFqcGdeQXVyNjQ2MjQ5NzM@._V1_UY67_CR0,0,45,67_AL_.jpg"
Tumbbad,2018,8.1,"Drama, Fantasy, Horror",Rahi Anil Barve,Sohum Shah,"https://m.media-amazon.com/images/M/MV5BYmQxNmU4ZjgtYzE5Mi00ZDlhLTlhOTctMzJkNjk2ZGUyZGEwXkEyXkFqcGdeQXVyMzgxMDA0Nzk@._V1_UY67_CR1,0,45,67_AL_.jpg"
Vikram Vedha,2017,8.1,"Action, Crime, Drama",Gayatri,Madhavan,"https://m.media-amazon.com/images/M/MV5BY2FiMTFmMzMtZDI2ZC00NDQyLWExYTUtOWNmZWM1ZDg5YjVjXkEyXkFqcGdeQXVyODIwMDI1NjM@._V1_UX45_CR0,0,45,67_AL_.jpg"
Zindagi Na Milegi Dobara,2011,8.1,"Comedy, Drama, Musical",Zoya Akhtar,Hrithik Roshan,"https://m.media-amazon.com/images/M/MV5BZGFmMjM5OWMtZTRiNC00ODhlLThlYTItYTcyZDMyYmMyYjFjXkEyXkFqcGdeQXVyNDUzOTQ5MjY@._V1_UY67_CR0,0,45,67_AL_.jpg"
96,2018,8.2,"Drama, Romance",C. Prem Kumar,Vijay Sethupathi,"https://m.media-amazon.com/images/M/MV5BZTM1MGM3NjgtZjE4Mi00ZTNlLWI3ODAtNTViZjFmMDc3MjlhXkEyXkFqcGdeQXVyOTA3MTM0MTM@._V1_UY67_CR2,0,45,67_AL_.jpg"
Aparajito,1956,8.2,Drama,Satyajit Ray,Pinaki Sengupta,"https://m.media-amazon.com/images/M/MV5BNGZhZDAxODQtNjhhZi00MGEwLWE0OWItNjZjYzVlNmM1Nzk0XkEyXkFqcGdeQXVyNTgyNTA4MjM@._V1_UX45_CR0,0,45,67_AL_.jpg"
Asuran,2019,8.2,"Action, Drama",Vetrimaaran,Dhanush,"https://m.media-amazon.com/images/M/MV5BMTdmZDdhNDEtODk1NC00N2M2LWI5OTMtMzVkZWUzMDE4ZGE4XkEyXkFqcGdeQXVyOTk3NTc2MzE@._V1_UY67_CR2,0,45,67_AL_.jpg"
Drishyam 2,2021,8.2,"Crime, Drama, Thriller",Jeethu Joseph,Mohanlal,"https://m.media-amazon.com/images/M/MV5BM2RiZDVjYWEtZGNhYy00ZGU0LTgwZjMtZTJmNmMyNGQ5NGYyXkEyXkFqcGdeQXVyNjY1MTg4Mzc@._V1_UX45_CR0,0,45,67_AL_.jpg"
Jaane Bhi Do Yaaro,1983,8.2,"Comedy, Crime, Drama",Kundan Shah,Naseeruddin Shah,"https://m.media-amazon.com/images/M/MV5BMDE0Y2NhYjEtNWM3MS00MzFiLTlkODctYmViY2Q4OTczYWI2XkEyXkFqcGdeQXVyNDUzOTQ5MjY@._V1_UY67_CR3,0,45,67_AL_.jpg"
Kaithi,2019,8.2,"Action, Crime, Thriller",Lokesh Kanagaraj,Karthi,"https://m.media-amazon.com/images/M/MV5BMzNjMDhmYzEtM2YxOC00NzZjLThkODctZjI4M2UyOWIyOTZmXkEyXkFqcGdeQXVyNzcxMzI4Njk@._V1_UX45_CR0,0,45,67_AL_.jpg"
Khosla Ka Ghosla!,2006,8.2,"Comedy, Crime, Drama",Dibakar Banerjee,Anupam Kher,"https://m.media-amazon.com/images/M/MV5BZTg2YWFkOGMtYWExMy00YmFiLTk2YjctNTAzZDk5MjdhMzdlXkEyXkFqcGdeQXVyNjQ2MjQ5NzM@._V1_UY67_CR1,0,45,67_AL_.jpg"
Natsamrat,2016,8.2,"Drama, Family",Mahesh Manjrekar,Nana Patekar,"https://m.media-amazon.com/images/M/MV5BYjkzZWIyZTctN2U3Ny00MDZlLTkzZTYtMTI2MWI5YTFiZWZkXkEyXkFqcGdeQXVyNTM2NTg3Nzg@._V1_UY67_CR2,0,45,67_AL_.jpg"
Pather Panchali,1955,8.2,Drama,Satyajit Ray,Kanu Bannerjee,"https://m.media-amazon.com/images/M/MV5BMmFkNDY5OTktNzY3Yy00OTFlLThhNjktOTRhMmZjZmIxYjAxXkEyXkFqcGdeQXVyNTgyNTA4MjM@._V1_UX45_CR0,0,45,67_AL_.jpg"
Sardar Udham,2021,8.2,"Biography, Crime, Drama",Shoojit Sircar,Vicky Kaushal,"https://m.media-amazon.com/images/M/MV5BZGFhNTYwZmMtNzk4Ny00MTExLThjMWUtNjYzMTEwZjEzMWQ3XkEyXkFqcGdeQXVyMTI1NDEyNTM5._V1_UY67_CR4,0,45,67_AL_.jpg"
Sarpatta Parambarai,2021,8.2,"Action, Drama, Sport",Pa. Ranjith,Arya,"https://m.media-amazon.com/images/M/MV5BYmQxNDliY2EtZWFlZS00YWM4LTkzMzAtMWZjNDFmNjkwM2JlXkEyXkFqcGdeQXVyMTEzNzg0Mjkx._V1_UX45_CR0,0,45,67_AL_.jpg"
Thalapathi,1991,8.2,"Action, Crime, Drama",Mani Ratnam,Rajinikanth,"https://m.media-amazon.com/images/M/MV5BZGE5NzVjNTEtMGUwYi00YzU0LWIyYTctNDc0ZjMxNGNhYzg5XkEyXkFqcGdeQXVyMjMwODI3NDE@._V1_UY67_CR0,0,45,67_AL_.jpg"
Thani Oruvan,2015,8.2,"Action, Crime, Thriller",Mohan Raja,Jayam Ravi,"https://m.media-amazon.com/images/M/MV5BNWFkMDA1MzEtNzRkMS00YzQxLTk1MmItMTlmY2QzMTBhOWI4XkEyXkFqcGdeQXVyMTEzNzg0Mjkx._V1_UX45_CR0,0,45,67_AL_.jpg"
Thevar Magan,1992,8.2,Drama,Bharathan,Kamal Haasan,"https://m.media-amazon.com/images/M/MV5BN2MxZjkwZjMtZjZhZS00YjRkLWI4M2YtYjQzMmFiYmU3YzBmXkEyXkFqcGdeQXVyODEzOTQwNTY@._V1_UY67_CR1,0,45,67_AL_.jpg"
Vada Chennai,2018,8.2,"Action, Crime, Drama",Vetrimaaran,Dhanush,"https://m.media-amazon.com/images/M/MV5BOWZmM2U1ODctMDkwMC00Yzc3LWExODgtZmUxZWQ0M2YxNzIzXkEyXkFqcGdeQXVyOTk3NTc2MzE@._V1_UX45_CR0,0,45,67_AL_.jpg"
Visaaranai,2015,8.2,"Crime, Drama, Thriller",Vetrimaaran,Dinesh,"https://m.media-amazon.com/images/M/MV5BNjI2Y2Q5ZGEtOGUzZS00NjY3LWE0N2UtZGQzNmFlZjFkYjA3XkEyXkFqcGdeQXVyODIwMDI1NjM@._V1_UY67_CR2,0,45,67_AL_.jpg"
#Home,2021,8.3,Drama,Rojin Thomas,Indrans,"https://m.media-amazon.com/images/M/MV5BNWU1ZmNlYTctYmY1My00ZDlmLTk3M2EtZDcxY2E1ZGU0N2YzXkEyXkFqcGdeQXVyMTI1NDAzMzM0._V1_UY67_CR4,0,45,67_AL_.jpg"
3 Idiots,2009,8.3,"Comedy, Drama",Rajkumar Hirani,Aamir Khan,"https://m.media-amazon.com/images/M/MV5BNTkyOGVjMGEtNmQzZi00NzFlLTlhOWQtODYyMDc2ZGJmYzFhXkEyXkFqcGdeQXVyNjU0OTQ0OTY@._V1_UY67_CR1,0,45,67_AL_.jpg"
Black Friday,2004,8.3,"Action, Crime, Drama",Anurag Kashyap,Kay Kay Menon,"https://m.media-amazon.com/images/M/MV5BYWRjMDlmNGYtOGFhYy00ZWU4LTk3MzEtOTI4ZTgxN2Y5NGNkXkEyXkFqcGdeQXVyNzU3Nzk4MDQ@._V1_UX45_CR0,0,45,67_AL_.jpg"
C/o Kancharapalem,2018,8.3,Drama,Venkatesh Maha,Radha Bessy,"https://m.media-amazon.com/images/M/MV5BYjg2YWM0YzUtODViNS00OWRkLWI0YmItNDdhODUwMjVhYjQ1XkEyXkFqcGdeQXVyMTMxODk2OTU@._V1_UY67_CR1,0,45,67_AL_.jpg"
Dangal,2016,8.3,"Action, Biography, Drama",Nitesh Tiwari,Aamir Khan,"https://m.media-amazon.com/images/M/MV5BMTQ4MzQzMzM2Nl5BMl5BanBnXkFtZTgwMTQ1NzU3MDI@._V1_UY67_CR1,0,45,67_AL_.jpg"
Jersey,2019,8.3,"Drama, Sport",Gowtam Tinnanuri,Nani,"https://m.media-amazon.com/images/M/MV5BY2ZjZTY1MTUtY2NkOS00Zjc0LWIyMjktNzIwNDQ4Mzk0MzFiXkEyXkFqcGdeQXVyMTQ3Mzk2MDg4._V1_UY67_CR3,0,45,67_AL_.jpg"
K.G.F: Chapter 2,2022,8.3,"Action, Crime, Drama",Prashanth Neel,Yash,"https://m.media-amazon.com/images/M/MV5BMjMwMDgyOGQtMWZjNC00MDUwLTllZDYtZWM3NDBmN2YzNGZmXkEyXkFqcGdeQXVyMTQzNjkzMzEw._V1_UY67_CR0,0,45,67_AL_.jpg"
Kireedam,1989,8.3,"Action, Drama",Sibi Malayil,Mohanlal,"https://m.media-amazon.com/images/M/MV5BY2U2YmVjMmUtZjFhNS00YTBhLWFmOGYtYWRiYjBmZDkwMTU1XkEyXkFqcGdeQXVyMTEzNzg0Mjkx._V1_UX45_CR0,0,45,67_AL_.jpg"
Kumbalangi Nights,2019,8.3,"Comedy, Drama, Romance",Madhu C. Narayanan,Shane Nigam,"https://m.media-amazon.com/images/M/MV5BYjYyZTNkZGYtZGJjZC00NmM2LThjNjMtMjYxYTI0NTg1NzViXkEyXkFqcGdeQXVyMzQ5Njc3NzU@._V1_UY67_CR0,0,45,67_AL_.jpg"
Manichitrathazhu,1993,8.3,"Comedy, Horror, Music",Fazil,Shobana,"https://m.media-amazon.com/images/M/MV5BZjQxMmE4NDMtZGVkYi00YmQyLThiNTMtOTVmNDEyZWQ2MzUwXkEyXkFqcGdeQXVyMjkxNzQ1NDI@._V1_UX45_CR0,0,45,67_AL_.jpg"
Soorarai Pottru,2020,8.3,Drama,Sudha Kongara,Suriya,"https://m.media-amazon.com/images/M/MV5BOGVjYmM0ZWEtNTFjNi00MWZjLTk3OTItMmFjMDAzZWU1ZDVjXkEyXkFqcGdeQXVyMTI2Mzk1ODg0._V1_UX45_CR0,0,45,67_AL_.jpg"
Taare Zameen Par,2007,8.3,"Drama, Family",Aamir Khan,Darsheel Safary,"https://m.media-amazon.com/images/M/MV5BMDhjZWViN2MtNzgxOS00NmI4LThiZDQtZDI3MzM4MDE4NTc0XkEyXkFqcGdeQXVyMTMxODk2OTU@._V1_UY67_CR1,0,45,67_AL_.jpg"
Anbe Sivam,2003,8.4,"Adventure, Comedy, Drama",Sundar C.,Kamal Haasan,"https://m.media-amazon.com/images/M/MV5BMjQwZWQwYjItNTIzNy00NmE5LWE1NjctZDE5MzgyMzY5YjljXkEyXkFqcGdeQXVyOTA0NTIzNzU@._V1_UY67_CR0,0,45,67_AL_.jpg"
Apur Sansar,1959,8.4,Drama,Satyajit Ray,Soumitra Chatterjee,"https://m.media-amazon.com/images/M/MV5BN2ZhM2NkZDUtMTI3OC00NWE5LWEwYzMtZTlhMjhkZGFlMjQyXkEyXkFqcGdeQXVyNTgyNTA4MjM@._V1_UX45_CR0,0,45,67_AL_.jpg"
Golmaal,1979,8.4,"Comedy, Romance",Hrishikesh Mukherjee,Amol Palekar,"https://m.media-amazon.com/images/M/MV5BMjA4OTczODgxNF5BMl5BanBnXkFtZTgwMDAzMTU2NDE@._V1_UY67_CR2,0,45,67_AL_.jpg"
Jai Bhim,2021,8.4,"Crime, Drama, Mystery",T.J. Gnanavel,Suriya,"https://m.media-amazon.com/images/M/MV5BMGEzN2VkMmUtMGM1Zi00Y2U1LTlkMDktMTlhMTdmYzZmZDlhXkEyXkFqcGdeQXVyODEyNjEwMDk@._V1_UX45_CR0,0,45,67_AL_.jpg"
Nayakan,1987,8.4,"Crime, Drama",Mani Ratnam,Kamal Haasan,"https://m.media-amazon.com/images/M/MV5BZmFiYjJkNTEtZDdlMi00YTA5LTk1YTYtMDgxM2M2MTRmNGFhXkEyXkFqcGdeQXVyNjc5Mjg4Nzc@._V1_UX45_CR0,0,45,67_AL_.jpg"
Pariyerum Perumal,2018,8.4,Drama,Mari Selvaraj,Kathir,"https://m.media-amazon.com/images/M/MV5BNDNiZmU1Y2YtYzljMy00YWFhLWIxZjUtZTUxNGUyYmI5OTgzXkEyXkFqcGdeQXVyOTk3NTc2MzE@._V1_UX45_CR0,0,45,67_AL_.jpg"
